<?xml version="1.0" encoding="UTF-8"?>
<projectData application="Trimble Access" version="v23.00-212" fileVersion="4">
    <id>#GmBQZn1Jb2</id>
    <name>shubham g7</name>
    <folderId>shubham g7</folderId>
    <description/>
    <reference/>
    <location/>
    <serverLocation/>
    <template/>
    <thumbnailUrl/>
    <createdOn>1385309757</createdOn>
    <modifiedOn/>
    <thumbnailFile/>
    <syncStatus>LocalOnly</syncStatus>
    <syncType>LocalOnly</syncType>
    <uploadProjectFiles>false</uploadProjectFiles>
    <downloadAsTrimBIM>false</downloadAsTrimBIM>
    <useCachedSyncFiles>false</useCachedSyncFiles>
    <accessedOn>1385309757</accessedOn>
    <attributesVersion>0</attributesVersion>
    <ProjectAtachments/>
    <ProjectAttrIds/>
    <JobAttrIds/>
    <jobItems>
        <Job>
            <id>#vBsMFR;ib2</id>
            <name>shubham g7</name>
            <createdOn>1385309837</createdOn>
            <modifiedOn>1385309837</modifiedOn>
            <accessedOn>1385309837</accessedOn>
            <description/>
            <localDescription>false</localDescription>
            <status>New</status>
            <syncStatus>LocalOnly</syncStatus>
            <syncType>LocalOnly</syncType>
            <jobAttachmentName>shubham g7</jobAttachmentName>
            <subPath/>
            <restricted>false</restricted>
            <jobFile>
                <id>#P4sOHR;ib2</id>
                <name>shubham g7.job</name>
                <versionId/>
                <parentId>#vBsMFR;ib2</parentId>
                <createdOn>1385309837</createdOn>
                <modifiedOn>1385309837</modifiedOn>
                <size>0</size>
                <localRevision>-1</localRevision>
                <cloudRevision>0</cloudRevision>
                <hidden>false</hidden>
                <hashOfCloudRev/>
                <hashOfLocalRev/>
                <deleted>false</deleted>
                <allowUploadFromOutsideProject>false</allowUploadFromOutsideProject>
                <allowDownload>true</allowDownload>
                <allowUpload>true</allowUpload>
                <syncStatus>LocalOnly</syncStatus>
                <asTRB>false</asTRB>
                <cloudPath/>
            </jobFile>
            <jxls/>
            <associatedFiles>
                <associatedFile>
                    <id>#jSmSzAFmB3</id>
                    <roles>FilesFolder</roles>
                </associatedFile>
            </associatedFiles>
            <files>
                <File>
                    <id>#jSmSzAFmB3</id>
                    <name>04613320.t04</name>
                    <versionId/>
                    <parentId>#vBsMFR;ib2</parentId>
                    <createdOn>1385336675</createdOn>
                    <modifiedOn>1385336675</modifiedOn>
                    <size>1886460</size>
                    <localRevision>-1</localRevision>
                    <cloudRevision>0</cloudRevision>
                    <hidden>false</hidden>
                    <hashOfCloudRev/>
                    <hashOfLocalRev/>
                    <deleted>false</deleted>
                    <allowUploadFromOutsideProject>false</allowUploadFromOutsideProject>
                    <allowDownload>true</allowDownload>
                    <allowUpload>true</allowUpload>
                    <syncStatus>LocalOnly</syncStatus>
                    <asTRB>false</asTRB>
                    <cloudPath/>
                    <localPath>Projects\shubham g7\shubham g7 Files\04613320.t04</localPath>
                </File>
            </files>
        </Job>
    </jobItems>
</projectData>
